offset	key	run	text
0x00837135	0x498999d59519b1df	64	 +u3J+;[@'sSQ3;[@'sSQ3;[@'sSQ3;[@'sSQ3;[@'sSQ3;[@'sSQ3;[@'sSQ3;[
0x008374cd	0x712c726e86b50cfa	10	A'ReFb?GAf
0x0083826c	0xc782406c5834a48f	12	yiA;@%xY_,U1
0x00838bd1	0x0a6e0c6608620030	9	UtHg &,ZD
0x0083adfa	0x4fb99f7bab6b0de9	10	Ghmuo?nv@s
0x0083b62e	0xc9e9ef037f47c747	8	Lif4.IFX
0x0083bded	0xbbf66fd3bb0b72c5	9	]EeyV6zs%
0x0083d38a	0x000844cfbc7734ef	15	;%6=qFxa;t<-QF/
0x0083d8de	0x3636386d62697363	8	ln#S:cie
0x0083eca2	0x4fd7235d9b4d5fe1	10	A$a}pimzBv
0x0083fee0	0xa5ad3b7de525f943	8	fLZdpjm-
0x0083ffb7	0xb7436b39d94b1ba7	9	OmE_.mhoO
0x008406ca	0xa107db5ba7579993	12	4VtOk{8}4Wty
0x00840884	0x0532232232232000	8	 PHTRAC(
0x008411f8	0x634be5bba7ad8ff7	17	NdmOw/ilN$mOw/ilL
0x008413f4	0x3b116de5a5af6d47	13	hk_-LH8ihk_-d
0x008413fc	0x4f81e973af5b9fb1	12	a?k_CBp~a?k_
0x008425ad	0x3f494399572d3765	12	+niv{'9~+nik
0x008425e8	0x6b8d23d31387698d	9	{xBbzdlmO
0x00842b45	0xc181575b67f1237b	11	!`L(oFwWk(L
0x00843273	0x5b5597cba1c973c7	9	CBUb}e1o]
0x00844974	0xb3fdc56d6fe991e1	11	Iq@2@/lZIqO
0x00844a22	0x0029cbc14e5e0a72	8	ORTtz}-e
0x008452a2	0xfd5d730f15d79153	13	-ZIyTh+,-ZIyT
0x00846195	0xfd6fc1b3296305eb	14	}(l%{S:ly(l%{V
0x00846544	0x8f1f0b118725875f	10	v{(E1enUvQ
0x0084701b	0x00184c076ad13c25	8	rUZFNRv 
0x00847258	0xc3fd67052df52bd9	19	Nj,B3&>xNj,B3&>|tc.
0x0084787c	0xef3dd5d1998f25b3	9	|PUTE?per
0x00847bc7	0x006e776f6e6b6e75	11	h\it,2hah9@
0x00849113	0x47d9679fc50517a3	64	t.(.?T\|t.(.?ZVRt.(.?ZVVt.(.?LV@t.(.?h^nt.(.?P]ft.(.?R[bt.(.?F^H
0x0084912d	0x25b729e753134d6b	11	mjbB%'o)mjb
0x00849bcb	0x5b1a0eebea540f77	10	nTr5}qVaF^
0x00849d2a	0x776f6853656d6954	8	b k+jhVl
0x0084a529	0xa34f31bfa925858b	10	=Obe?=T[um
0x0084c5ef	0xe53f136f29cf85e9	12	H-W$6N>dM-w#
0x0084fbe0	0xbba949f919992d3d	9	8hl.U2LPx
0x00851676	0x8b155dd7d7f30563	8	@KSg}Icu
0x00854e53	0x252d45d173374f45	11	Qz. Z!JbYP.
0x00857170	0xeb14b3389b031029	20	5@`s8vA}1_It8vA}5@&u
0x008586d1	0x91cace097f4b2407	9	Q/PGzT7a.
0x00858bfb	0xbd31dff94d575727	9	g`vAXl^}f
0x0085915b	0x254713798389590d	12	%'elDe# =KSz
0x00859221	0x61d9cd5f01e54167	10	\#FNRmLv|!
0x0085ac10	0xe9cda8afa78db3be	9	SFr'G?qjH
0x0085af74	0x1d4f8dcd77cb4f6f	11	n/-Ccd;M^s\
0x0085b652	0xa7d5c3dfb9f1219f	9	OtL\<h/Ku
0x0085b69e	0x193597d3a529d365	9	(zZvM~!rC
0x0085b970	0x61d353d76dfb196d	15	<div id="root">
0x0085b9a0	0x170909d151c3d3e3	15	WJv"UQ  mZif\00
0x0085be30	0x57d1fdbb33b12383	42	Passed buffer is not usable for fs library
0x0085be51	0x3d29075135bdb13b	9	p o.pdgiz
0x0085be95	0xabc71b9347374f41	10	GB>BQ?'ZOJ
0x0085c078	0xa74bed75b1452fc7	38	Invalid NCA header fixed key signature
0x0085c293	0x6351ebe149370b11	11	]l}TcqInI{9
0x0085c318	0xd9d527eb8595110f	21	Unsupported Operation
0x0085c360	0x0d0fdf77493f2d85	27	Invalid contentstorage base
0x0085c39f	0xc393f5c7f7ed5b8b	11	q[?o"rJBkL~
0x0085c632	0x293597131b43d5b3	9	m7?wg/dru
0x0085c651	0x5b0ddf83ff6399f7	10	~0Lxhm |ad
0x0085c77e	0xaf41150b2bd3975f	11	go  OY?B{qC
0x0085cb73	0xc1cb79f199079197	9	U.HSf<sBU
0x0085ce10	0xb10b3dfb896db581	8	bIY[!EhG
0x0085d55b	0xb7ad83e1fded5d81	64	@RgWpse_@*g/pse_@*g/pse_@*g/pse_@*g/pSe]@"g'pSe]@"g'pSe]@"g'pSe]
0x0085d55c	0xa34b6d73653dc51d	64	P&Q#mcjT(&)#mcjT(&)#mcjT(&)#mcjT(&)#McJT &!#McJT &!#McJT &!#McJT
0x0085d55d	0x9d2775ab438527a1	64	P`$kUkL,P~$kUkL,P~$kUkL,P~$kUkL,P~$KUcL$P|$KUcL$P|$KUcL$P|$KUcL$
0x0085d55e	0xc10337f3c1555bfd	64	WKj`}lc`/Kj`}lc`/Kj`}lc`/Kj`}lc`/Kb`]lC`'Kb`]lC`'Kb`]lC`'Kb`]lC`
0x0085d55e	0xe3fd2d95f10b6587	64	!#bxla/\?#bxla/\?#bxla/\?#bxla/\?#Bxda'\=#Bxda'\=#Bxda'\=#Bxda'\
0x0085d5a2	0x65fbdbbbd93369af	64	m4ElT[\#m4ElT[\#m4ElT[\#m4ElT[<#k4%l4[<#k4%l4[<#k4%l4[<#k4%l4[<#
0x0085d921	0x873d8b7b0bb7077b	64	m.Ocmsi/m.Ocmsi/m.Ocmsi/m.Ocmsi/m.Ocmsi/m.Ocmsi-M,MCMSa-M,MCMSa-
0x0085d949	0x999d4b3b8b37d57d	64	k.NseklDc&LSEKdDc&LSEKdDc&LSEKdDc&LSEKdDc&LSEKdDc&LSEKdDc&LSEKdD
0x0085d949	0xf183ab6355354b5d	64	jk)*nwrpbK!"NWRpbK!"NWRpbK!"NWRpbK!"NWRpbK!"NWRpbK!"NWRpbK!"NWRp
0x0085d94b	0x3b79b1275d879307	64	.p/jnP4E,P-blP4E,P-blP4E,P-blP4E,P-blP4E,P-blP4E,P-blP4E,P-blP4E
0x0085e638	0x37a1df357f27a997	23	Events before filtering
0x0085e830	0x9d4d4b6d8f5bd151	64	{:>6}: Net time sync. Old user: {},  Old net: {}, Old steady: {}
0x0085e850	0x2fa3c3a1b5b5a1f1	11	+E|Qd^l|pV.
0x0085e85d	0x29c38d71cb1365ef	10	K:$XpeOdK2
0x0085e869	0xa57d8d7b83a953b7	11	IeM5&}zeLOJ
0x0085e920	0xfb87b9a9835967b7	64	RTC period. StartIndex: {}, length {}, Offset: {}, Valid: {}, St
0x0085e94c	0x5b0f23bf9b11612d	9	cVCwmJ,M2
0x0085eb1d	0x052dbf3b69a75331	8	kBkmVY,>
0x0085ed3c	0x1573dd3d9b236553	9	j+dssMH!$
0x0085f7c0	0xe5bf0f93fb8b2bd1	21	Input file not opened
0x0085fa4f	0xb5ebc509a38babb9	8	bmNb,uD.
0x0085fd8b	0x5d7739dd0d1153e5	8	k4xDzV/T
0x00860162	0x19eff571d1002359	10	iZyCD}!p7d
0x00860320	0x29c36dcd6d096fe5	64	HAL/IlXG7mg/L5h7SejmI2qq2ykiSbyLEFDTTX/TAoGACHshwrCW4z8tcStig6Wm
0x00860630	0xc965b159077b37b3	31	/atmosphere/contents/{:016X}/{}
0x00860ada	0xd939d333edf7e3af	64	_|MOfz5~_|GFfz6~_|CFfz7~_|_Ffz0~_|[Ffz1~_|WFfz2~_|SFfz3~_|/Ffz,~
0x008612cd	0x09535fe9ddaf85ad	11	}mW@ueJBeE]
0x008618b0	0x35117b910b1fa771	18	Samsung AMS699VC01
0x0086232a	0x7f69b105ad2f1f5b	8	]nKrA-PU
0x00862537	0xb53160ec68ff522a	9	PZB:U-/lk
0x00862bc8	0x3f1dd1bd7f2f63ff	8	iCK{OpDx
0x00862e12	0x83057ffc2d6585ac	9	C3Ki?N3cE
0x00862fd2	0x1165ef1199ab451f	8	iR-(qDtU
0x008634eb	0xbfd53bbf811751d1	10	dKak[B-C38
0x0086387b	0xb1c5e7ff81ff9db5	8	Qh}mPDlc
0x00863b69	0xf4e6329775af0253	8	J/dhPQL_
0x00864045	0xcb318351bdc9ff87	8	}RSSkxWT
0x008645ad	0xeb59cbad9d4fe947	8	;st{DaDm
0x00864b70	0xa34b37eb993547d3	8	{mKABH*m
0x00865588	0xcf08a1ac55abdbd8	8	JR/oqA_v
0x0086675d	0xcf4bd1a107bbf5d9	9	MdaO!cq*4
0x0086682d	0xa3d7e7fb7b65db81	9	F,8owmiRw
0x0086783a	0x853759e357dff91b	8	dklPls,o
0x00868301	0x29bf15cff2c6a32d	8	a%EmUm^g
0x00868301	0x4fa3d59181d98b2d	8	a 'czkfQ
0x0086a5ff	0x61bbe3df1f63f907	9	pK}Yq32xR
0x0086ae58	0xcd97add13f65fd49	10	wsyqEt;I;:
0x0086aeb0	0xfd0bd52d85cdf363	9	q2M/aZc"a
0x0086b0c1	0x49db1f07f5c17b11	8	f,eo}SYj
0x0086ba14	0x3965cda971c99f8b	9	WM"O-jZQA
0x0086bfa9	0x55f3158343e18575	8	.BHaIhig
0x0086c9bd	0x6d4327e91dadd7db	11	oU>Nt%$Sjh-
0x0086c9cb	0x6d0be7278ffd6183	8	yzkanOl:
0x0086e392	0x28f5c28f5c28f5c3	8	CIM&Ac!c
0x0086ebee	0x930b55d993bb639d	9	P(Ht-PNEb
0x0086f5c7	0x239789916f19d547	9	,BEV6NTdg
0x0087043f	0xe7053b778b299b63	8	dYA~pnp.
0x00870618	0x01ff33433f89e991	12	8?n;,M$HR{Du
0x00870657	0x79ad91715fd331a3	11	v$\y:Wa=dEt
0x008706d6	0x97abe5551ff5af6f	9	Mp}Gf*Fox
0x00870ae3	0xbdadd9c3fd55a199	11	2yKG=R?Q0\u
0x00872504	0xf33109e31ddda303	8	EUQ:e5ho
0x008726f6	0x213be8c211aa60c3	10	,&JoRPmUDj
0x00872a6c	0x4945f37b2993a127	9	/t;3oqHke
0x00874c78	0x8365259d7d47b74b	8	8/lJthXR
0x00874cb2	0xbbcf6917b7a7493d	9	g)Xc-V(PY
0x00874e48	0x61a96bb503e93b1f	9	#S{lVXbYl
0x00875401	0x6d71034dcf3307ed	12	e}dw$MUMo 36
0x00875455	0x77951fa97941f301	8	P!q_Ztyk
0x008755a9	0xbd69996b355fa9dd	9	N:0VB~qyn
0x00875a85	0x4b3dab4840b83039	9	%b ?VDzqs
0x0087603e	0xb8b1aabcbcd4d500	8	.NNrZ|MK
0x0087658d	0x17cfaf51f59d294f	8	AcSqJQX?
0x00876806	0x9993bfd7855bd93f	10	C/"UI<XxvP
0x00876d4d	0x556d818bd141c181	11	NB-L/s^5"OV
0x0087741b	0x4137b3f7971f77cf	9	(C6VAuqS/
0x008774ca	0x6d79396b751fd5c7	9	Fx_UUEd:1
0x00877837	0xed97dbb3df810dc3	9	J7Ag{{yum
0x008795a0	0x351f475107cb553f	12	Bj/1r3PZ/M <
0x0087a491	0x613d87a5113965bb	8	Iw ScuRv
0x0087ac59	0x5d49fb8d036f5be9	9	:dV]Css{h
0x0087b23e	0x3f4d8755ad87e9ff	8	kO=jVl.N
0x0087b2f7	0x1de93b8de9af17cf	12	woz.|sw~QZgB
0x0087b981	0x016b1b5993418ba1	10	"_dY^mWkL.
0x0087bb6c	0xd502e22e24de304c	8	sx 7PgAE
0x0087c331	0x004459d7da769d9d	9	-Dw0d>VdC
0x0087cbc2	0x7d452957a3afa337	8	bF,eW~xT
0x0087d49f	0x14c1bacf914c1bad	10	Xqd+,Hn?,y
0x0087d952	0xb363c9ff1d1d3511	8	IBaP;xe%
0x0087e51f	0x078fe72dbfc101e9	13	rP@$c\~_z#Rn 
0x0087e5f2	0x2e8ba2e8ba2e8ba3	11	%bVFuCIYpEK
0x0087e8c4	0xd06408b27de670af	10	ekCm'}qjGs
0x0087f5cf	0x2115f13ba94d17f7	9	z{&ikEeAQ
0x008801b0	0x25c7d0a6d3936096	8	jT*jn?AQ
0x00881162	0x206452b257343a67	9	Ob?XBA)D:
0x00881e4e	0x2307f9933d6f6d69	8	|uT%wCKN
0x0088339c	0x8154142ae0a004ac	10	P2-r$CiIYO
0x00883884	0x672bb50f4bcbab09	9	UWpZBBp-2
0x008839a4	0x003844d35c031459	13	v5c}TW844wd7w
0x00883cab	0x2375c753ebc70705	9	x!^rCmiO-
0x008840c6	0xfb6fd18dc9abd3df	9	(G?J8BZKW
0x00884f50	0xdb15af85ddd3e155	8	CeztJd?s
0x00885000	0x81131375f7931323	10	RK4sh<q%sK
0x0088546b	0xcba72d9d6fbd5111	9	yl%XwA\mN
0x008858ea	0x390b4d21f79f973b	10	`S u;INFY1
0x00886768	0x09c5dfe7f1194f11	9	eY'D0txT/
0x00886a00	0xb5e90b4df9c539b3	11	nt|B|t?^bS4
0x00886be2	0xaf4f1d9f579d4797	9	NGA.9JZG3
0x0088729c	0x551b05fdfb757545	8	5.LvATZG
0x008875f3	0x0b7f3df9551f9d8d	10	<P, ow~lcI
0x008893de	0x118785e14d7b0715	8	?KrYxAd0
0x0088bd23	0x392de923fdfb6921	11	YmLD-?'mlDZ
0x0088bf34	0xf96d0547c5c71955	9	2w%tQ`dGH
0x0088bfb5	0x33e7d52bf9b91bb1	11	4EXn{wbY8|A
0x0088c09b	0x93ff8b73e3378bc3	10	}wNDdTt~0~
0x0088cd05	0x755163afc9e7f171	10	Ov-coudG[k
0x0088dc78	0x532fe97db155611f	8	qE}hP5aY
0x0088ddc0	0xc55545c72b93afd3	9	@hQ!N2mXm
0x0088e28e	0xd70737b9098749f9	10	W8j\Aw`v}K
0x0088e338	0xdd05515d8525233f	9	_nY.8ixLo
0x0088eb21	0x552be721bf77db6b	8	/QmsiWL/
0x0088f50a	0x6d9fdb5581618be7	8	J=YczS!b
0x0088f573	0x7311c9f733cbff27	8	I`ib%yoM
0x0088fcbf	0x9119df316f7117d9	9	!lOjaB2s1
0x00890553	0xd7edcdf9f90d5993	9	:(Xs~PAsP
0x00890e25	0x9943c7d025c36418	8	,x,PpakF
0x008922e6	0x875d3dad612ddb05	13	^>vR|B%zX#, j
0x008926a7	0x73e9fd87d9fb3927	9	N.kQIc^X9
0x00892d4b	0x5bdf21ad8deb2d39	9	?`Ukjq\WQ
0x0089364d	0x4fb397afdd1f4bd7	8	SRO&nF}c
0x00893799	0x9f016bcf1b5927ab	8	SolDY.TH
0x0089384e	0xe1ddbe1defcc1fd5	10	sE]QStrl8!
0x0089443e	0xbffbed9bb1a3f511	8	<G-MAeZD
0x0089450d	0xfd9b9f77af59d3d5	11	8tqPcj}2Mu;
0x00894ba8	0xf953c7a7e971c70f	8	BR>r:HTs
0x00894fb5	0x531fedf5b92341f3	9	:nXK%f6tj
0x00895576	0xd9f72fcf57f3e7cf	9	AgK%fBo/Z
0x008959c0	0xdb39197f874f55b9	12	!QLK0%x>d1Il
0x00895d3f	0xf721996b09cb5713	11	0VY5BEA4sC{
0x00896189	0x4be145338dd54393	9	rJsG$?cWf
0x0089679b	0x0d6fd75779697959	8	1wTq,nRX
0x00896bb8	0x8bcb652fab6d1d71	10	|MhN.jesE.
0x00897547	0xe1c1c16ba7a12b51	9	H'!w&Jfik
0x00897709	0x59cb772533db9551	8	omSj!^No
0x00897d61	0x7f55d5fb330f754b	8	]ZJ,pYUY
0x0089815e	0xe577412f9f63f561	10	?)zGm#VbnA
0x008988e0	0xcfb139274d21cb19	9	e'v(eQqy%
0x0089af29	0xdf4b13c70347d32b	10	ap"FY2QEI!
0x0089b623	0xb7f3cd9fa069c633	12	& NS/ut}WMQ`
0x0089cfed	0x0d6f63e7b153f1f7	10	5mJw:zyx%+
0x0089d831	0x2183d3e197c3ffcd	8	6VFb%aax
0x0089dad2	0xcba183c129312369	9	UG8Ep/zni
0x0089dd82	0x97db47b32d47c9c9	12	/:P}QFcW^'qA
0x0089e749	0xa595edb98bd189b9	12	rJSkcSQDz%Ta
0x0089e877	0xf71ea27c1ae050a8	9	rX)ut$%md
0x0089eb48	0x0d39790de59b5343	8	NCPLed.E
0x0089f4e5	0xd7475b0725bd0313	9	(RctnoN%N
0x0089f7de	0x070981a3fd2965a9	10	0Ov:"qv@xj
0x0089fa7a	0x21c9f7c9052def9f	10	*RYn|n9!Ko
0x0089fce3	0x47e3513ba1fd61ad	8	D[UFfHD 
0x0089fe1f	0x470b95db053f879d	10	z.XkxT?1;L
0x008a0273	0xbba637729d85c5ac	8	lKh%9vfQ
0x008a0c13	0x516728e417ceaabf	11	g+d9oM_=Q:n
0x008a0ea0	0xf17f079737617547	9	C RUvrnZ0
0x008a10e7	0xd39dfd55df3d09e7	8	Ieznp\}f
0x008a183c	0x007d961fe226bdf9	9	"CC%NI7QT
0x008a1b7e	0x217aca552f0d1d67	8	Fm~Zu%BA
0x008a24d9	0x0cb9b696beeae36e	8	`fpIYm:I
0x008a2cb5	0x7f598d83693fc1b7	10	+s;$/BsREy
0x008a3cf2	0x1bd5a7732d5d37b1	11	)%-peeNxp{"
0x008a46e3	0xb74945c5194d5343	10	y9!U^VZ|Ol
0x008a48d5	0x11af317f19b1176f	10	W;&y,tHnIc
0x008a510f	0x8baf69cd7535f56b	8	?qmrp[EU
0x008a5773	0xd569415f27fd2107	8	IuHU,tMc
0x008a5f32	0xbbbf95f9cf0759d1	10	*Rj]{QRTdD
0x008a73a4	0x9fc731e311c14d6b	8	Jp#VTY.y
0x008a75f2	0x89514f1f1b7399a7	12	2oJ?7q@T\sl9
0x008a77e4	0x144809ea145d38f0	9	tm*t[kA-L
0x008a796a	0x5365ff7de74d0547	8	M/WW0XzT
0x008a7a90	0x77420d2efd10be9a	9	M"JI?z1ii
0x008a7f2a	0xcd5f1dddfdd10307	9	cO[,#zTkF
0x008a8027	0xa5698597bb0781ad	12	[g4?qy+Ut0pc
0x008a8968	0xef119f891d9d61f3	9	*igI!jxxR
0x008a8c59	0x7d6dddaa93af4df6	11	Owagfvx0%p#
0x008a8f56	0x3ac22464dca6fb91	8	si3lPp.X
0x008a98eb	0x4b413d732fe369bf	9	qOaAL/yt=
0x008a9b3b	0x171b3135b1657bfd	10	/pnvif~k/1
0x008a9eaf	0x65b22014c62e4880	8	xhfkNA-U
0x008aa09d	0xf77931abc55ba17f	9	mAe{tkFRT
0x008aada1	0x0d19d3ab51b9294d	9	mNvj%!Vul
0x008aba04	0x158959dcabc7a454	9	Kho-tdo,S
0x008ac742	0xe14d97b91f537311	8	TnA8g LW
0x008ad63f	0x018d914f9ee19fa4	9	f>%J:tmnO
0x008ada1b	0x8d9fcbc747e5531d	9	v|]L UUyN
0x008adb93	0x6769732d74697865	9	M>U.XigH:
0x008adf5a	0x71b1b1c113e3d397	8	o%gROi$d
0x008adfa2	0x7f7d2bc5a517fb87	8	ab\/pnUP
0x008ae250	0xc1a9ddfdf3f19b77	8	5jd}cDbh
0x008ae588	0xa79d938377c7d1b5	10	]MMa~Fuo!F
0x008aedc4	0xdff53531350187c3	10	J+b(Nf/LSH
0x008af919	0x1703a981233bd58d	9	{WtaF&apv
0x008b01a8	0x054ffdc5b9cf553b	11	SAC--?/T2rV
0x008b02cb	0x73478b775533d125	10	tHNq&T@e,+
0x008b0cd2	0x575166a19cc6d7d6	8	NaTCwT<{
0x008b1b50	0x97e7c492252e5516	8	}ti@Pxye
0x008b1f23	0xdf571e9a4e7a2f67	10	JXhJugqG/O
0x008b21d6	0x076b1349a9032997	8	EekbB%R 
0x008b24a7	0x671d1d45cde34f6b	11	4rW9_>o:CYb
0x008b302b	0x3db947a509d301c5	8	TmnD#H-c
0x008b3454	0x2bd7a9edc1efb59d	8	aUA pD&D
0x008b3868	0x91f1672141555975	8	 vbPcS`n
0x008b40dc	0x33abed8ff90f5165	12	3u(]s&)%AVnz
0x008b4710	0x0d3d15d11fcf41e3	9	lqq#Z!x(B
0x008b4d9e	0x63296903dd3f67e5	9	UWa4}Fe|Q
0x008b6228	0x57d113218d8b57bb	12	Y>LasspJG$|:
0x008b622a	0xd7a7eb0fa321f3a3	10	IJse|3L%y'
0x008b6823	0x7fe375eb3fcd637f	8	vNX/coP0
0x008b6b4f	0x5903a75b11fd255b	9	^VY{>UiqR
0x008b795a	0xb1e96baf4dfbe381	10	NOOKiNj[q:
0x008b7f55	0x6debc90b1143733f	12	2qbj"u~Y_<Z%
0x008b806e	0x33bd6534fd443cfa	8	AMy){zJQ
0x008b82e3	0x436147cf67e5b11f	8	?,wIyxds
0x008b871e	0xdbdb171dd77fbf8f	9	UL{iXCMdJ
0x008b8804	0x00c9514b1e3e2fc9	9	Y1cL_.GyD
0x008b9075	0x2113ff4163f3277d	9	q1SY=Fn-M
0x008b911d	0xc38ff747433535e1	9	RP{3BGuTy
0x008b9636	0x2523a3cfe9f9c9c9	8	B<MoP:lF
0x008b99c5	0xc9330dadd52f152f	11	,MN5mlp}g)W
0x008b9a21	0x21e95d0d1759a331	9	`!kkEVnPa
0x008b9aa0	0xd16b53b195811b43	8	izY?g1KH
0x008baccb	0xcfe7d5ad2b6b5987	12	|d;WW.Ix( +h
0x008bbc36	0xf545c799a1e7fbbf	10	qMmMe>G+5}
0x008bc668	0x633fe945b96d3775	8	M,dNC[FP
0x008bd11d	0x215faf29bb4d8b95	10	ov%1_kTF/v
0x008bd775	0x4b7d5d8b7dad4dc1	10	5h!lSD`CU7
0x008bd9ab	0x5567ff8d3f3f5b1f	10	(-#xZitAi'
0x008bd9ff	0x3b4ff3ff011d0183	10	0oLeDr-dw!
0x008bda0a	0x17d12f6b930be515	9	lZS44UHW%
0x008be1f2	0x8b2fb7c7490395c1	8	/RyRRW6b
0x008be392	0xf7d2f0835100d880	9	%AuBn5NJ0
0x008be686	0x13d1f5a1cf6d8b15	9	X9fo K4Jo
0x008be72f	0x311327c75d5f196d	11	jZyMOvQW,qr
0x008bf3ab	0x73528a9502bcaa75	12	wnM.Wdlcw2?0
0x008bffdb	0x5dcfb55973898d1d	8	dkAl^!To
0x008c03f7	0xcf13b16fad3d1981	9	h5St!.RSv
0x008c064d	0xd1510d6b7991f163	8	L Aekk$t
0x008c0696	0x7d5deb53a139df0f	8	U)%pvjly
0x008c0998	0x415de3c167c72b7d	10	hn Ix_bAt)
0x008c21e0	0x0d05b9ddd7c3a1c5	9	y%bmKe/e{
0x008c26e3	0x9da3ad99eb97b541	9	a$fA6-wHC
0x008c29e1	0x651444b220063e42	9	svO<eH^/P
0x008c3104	0x9f9d654595ef0b1f	11	]@.`B^ttShv
0x008c3590	0x710b59078d07f78d	9	Z#u*D%zxq
0x008c402e	0x19159c8d35a9d638	9	"?`QRZHWX
0x008c4198	0xfd0391fd6ba5f739	10	Aiozt.5_U*
0x008c4a6c	0x43ef13df67f7a36f	8	swj{zaPD
0x008c4ad3	0x875599ffe307e10d	11	kqDA9,EhdH/
0x008c56db	0xc93dd96bb9b953e3	9	Rf[z:Mn]K
0x008c593b	0x1dbf2f6f4bdb9973	9	b(6!FrDyr
0x008c5aec	0x81c1d3d9d7574f23	8	IOOckEL%
0x008c60cd	0x617549fbcd030f41	10	u',hLEu._f
0x008c636f	0x25ab6dbf1b81dd93	10	*|Hmg}A3HQ
0x008c638f	0x457103bd2575ad1f	8	Dwo{+Ahg
0x008c665d	0xd7439f3541addbe7	8	GKiarJZ-
0x008c6eca	0x256b2b6fef538379	9	}(JB^mITH
0x008c7017	0x001b8a03b77c8d90	9	n&dZpNI}m
0x008c71bc	0x9751de9601c0b495	9	$qu:bWyi+
0x008c767d	0xf9a729c9cf0b39bf	9	$_cssJCQ 
0x008c7744	0x31cb5535e74ba945	13	<RQA^.ip^.R&h
0x008c77f4	0x0725656b8bef4335	10	qP}.gkZg>V
0x008c7a39	0x5307a71f5b61fb03	10	cUs!*{MPs(
0x008c897f	0xa99907975fab8d47	9	y(M,AZXSo
0x008c8dac	0xff9b636d298f1ff1	9	o_aTwGpO:
0x008c9103	0x97dbeba7cbf72fe3	9	alir.pcg<
0x008c9ece	0x2b7541b32b7ff769	8	xVMd= Fj
0x008ca46a	0x000fdccb9722538a	10	$YywlFQP!~
0x008ca85a	0x5ff9b117cbb7a1d3	8	uzoP-He'
0x008cad0a	0x1547bd4f7303c311	9	%UMQCoH<y
0x008cae86	0x7989c3df0bcd65a5	9	(Ge?0oXwj
0x008cc12a	0x6d3dbdc77fcb45c5	9	0v zkVzs:
0x008cdbea	0x2d975f9941393d91	10	wWj8yu{Z(r
0x008ce6bb	0xbfc337af9b7f6129	10	w-3GcZSK$S
0x008cebac	0x17f96aa82ea4ea02	8	wUYK,bcv
0x008cf280	0xf343d99b7329e15f	9	s1JH0t:Ov
0x008cf30b	0x718ffb198f013dfb	9	x_u}fo]Ag
0x008cf67f	0x8b430fef23190d15	8	aIEkD}SM
0x008cfa4d	0xa99f93e9ebeb2b13	8	?kiBL>KG
0x008d05cf	0x00b6f565fa91f6ef	8	mYVbpv3!
0x008d08a4	0x55ddbd77e3ff6323	10	t2oAz}1HPN
0x008d096b	0x4961350f8bfbeb7f	10	Qx4C,k.cY^
0x008d146f	0x79ff0da3dd09998d	9	lcBk\.|Ok
0x008d14ac	0x33eb69e18d1771df	8	MCup!z6U
0x008d1db8	0x4df74f1b035de779	8	lYoHhX@/
0x008d26a4	0x5ba94187a143b979	8	JJZ0?grT
0x008d2a19	0x25f1b5e75b05718f	8	}BbTUdP}
0x008d2fd3	0xf1df8d3b09bb9deb	10	/nYI|e$Y#c
0x008d3257	0x295890d34e769891	9	O,sKGU(%v
0x008d3ad5	0x83db95159bff8d49	10	 squH=r1J0
0x008d3e68	0x1b9511fd65678b9f	8	QhM%hKQ}
0x008d496d	0xa3b163abb5b1211b	9	Z2k,#Bzom
0x008d58a4	0x894179373df5f7df	8	efXqn{Cu
0x008d59b6	0xf5c2fa50bcc2248a	9	x:rXbC@PB
0x008d666d	0x00084c7bfc530c53	9	hiwC:Fh)~
0x008d726d	0x790d07f3bd07533b	10	vquRMZ]f>,
0x008d7a8c	0xedf3ffc5cbcfe145	8	}CWCYp+r
0x008d806a	0xeb4d95283d77758b	9	Mu&K?smUe
0x008d8453	0x55f1dd7377492929	12	}Q-F';*h=XxU
0x008d867f	0x350499457c4bf08c	8	t6U{UIIO
0x008d9478	0x537509dbb747d34f	9	\ grkAtbq
0x008d9aaf	0x7df783012d1f5117	8	:"BMqDJC
0x008d9fa0	0x1fb3c91f69c1edaf	9	Mwpe.&RA]
0x008da2d1	0x231dc35149533fab	11	cBo7c~n'-EJ
0x008daa80	0x17fd2e105912ad9e	10	dbB_AT/Z8|
0x008dab5b	0xc758d2f6a358b692	9	raGHs~j%e
0x008daccd	0x87d7273579751d77	11	?KJj[L]F4nX
0x008db3ca	0x9927ed4175f521ef	8	HeFJf%U5
0x008db3f8	0xf7597523778de141	10	XEJD];jN:(
0x008dba4b	0x01059f01dd39c7bb	9	9JTnC#{bY
0x008dbec1	0x2b4729392725c1e9	8	YkJmMZ?w
0x008dc1be	0x254dbd1703a5f37d	10	+{x=FO<OhT
0x008dd790	0x6ba3439751fb05e7	8	 +syOKYd
0x008ddb95	0xff20100a4e74d2f8	8	qdGnG!ND
0x008ddbb8	0xa92717b777f7259d	11	b>y)_Tx%"GM
0x008ddbcf	0x1fab05cb3dd53125	10	/8jxnD3eVj
0x008de4b4	0x47cd59458bb7fbe3	8	UMNqk!Gc
0x008deb59	0xebd9d325a50db933	8	,B>foDGc
0x008def3c	0x7f05cca2895af794	9	>Oxn:fr"b
0x008e059a	0xcb4951af35ef5deb	9	GOY%Ud[ B
0x008e05d9	0x239b7fe9090d9d0d	10	-lzfe36KF`
0x008e1069	0x55dd8d8151775bd1	9	Y}Q;WNXeU
0x008e1089	0x872deb877559312b	8	c,JRsTdT
0x008e1b47	0x1d27cd7593596db1	8	yK|g,IHS
0x008e21df	0x772da7116e0aec26	8	:zbFiWQQ
0x008e2c0f	0x21e7a547139b3fc7	8	[fLw,LrV
0x008e314f	0x932127d943b91f3f	8	ZD3JZSF-
0x008e4073	0xafd1f32125dbbf07	9	gqJ2iCn7{
0x008e5a24	0xf78d193f9f5bad55	9	i%SOR&k+Q
0x008e66db	0x2309f7592779c189	9	v:n-tTo$H
0x008e6dc4	0x03d39d4d0579b1cd	10	jC*Y";w}eW
0x008e7156	0x4fd7c925bd4b5361	11	bcE|G2dsZQ?
0x008e7c82	0xb5b315d5fd251d9b	9	xs0{NgBye
0x008e8668	0x2dd76119cf1b0e56	8	Mq XyRFU
0x008e8b8f	0xdbc725dd692de36f	11	Q'wur$S M_{
0x008e958b	0x673d09571d4f1595	8	o-uxYcOi
0x008e996d	0x2b5fa129c957f91b	8	J\wqYp-h
0x008ea17c	0xdfe8083c0488b6c0	11	b8+xDvsH[6 
0x008eb22c	0x1d2b2fc3b7656787	9	ezgQy iY=
0x008ec134	0x0008cc075651445d	9	dtGBRG\b{
0x008ec3ce	0x9d6769bdcbc33775	9	FCT@Fv^{s
0x008ec537	0x6581b54b87498979	9	"BP,dULt&
0x008ec537	0xc7f175cd5ba58917	9	TBbY-StXD
0x008ecebf	0x0d6f3f4dcf7de7f7	9	vES;ogm:-
0x008ed509	0xe199cfbf59cbcdb3	8	cfp-hh8C
0x008edb6b	0xaf4f9d4d37d931ab	8	M0-Vrfds
0x008ee218	0x2307b943df21af33	8	VLnDb=-w
0x008ee710	0xd9197fe93795b1df	13	X'V.h1Hk/Ws~n
0x008ee8e9	0x39f53b132f877dd5	8	oMXBTh$!
0x008eec10	0x79c5df1e9fe6457a	11	N"dlg:)sA*r
0x008ef119	0xe19ba11773b9493f	10	k6ppt2:&jO
0x008ef3a2	0x0f83e0f83e0f83e1	8	qp>}vaPO
0x008ef3de	0x5be53fff25492753	10	rNs9.x.^hU
0x008ef5e6	0xaf793badf1ff4391	9	ti^kwgl|,
0x008ef900	0x0f51d5372d99c1e5	9	B/1kCU%wo
0x008ef95f	0x9539e72be39503f1	8	XTxtBM:E
0x008efb16	0xe71feb5b63b13db7	12	;o{2YfwbVF`I
0x008f00a1	0x9d81419db5bbbbe7	10	[W0zksXQ5-
0x008f093d	0xafcd0f05b14d1b6f	9	?e3BM|ECn
0x008f176d	0x0bd57b978d31d5f5	9	x8Tm{oCDA
0x008f176d	0xb78f85257b715d67	11	;|tkx,d=uD7
0x008f1b62	0x095f7b87f9e3fbf1	8	wx'B YAe
0x008f1b69	0x03b1f705fd716309	8	eR6/zinn
0x008f2a52	0x4165216bfd1dafb7	8	LM'urFx/
0x008f2f1b	0x5d879d27dd6981a3	9	,M`i-PvYP
0x008f3d58	0xb76be1377dcd39f3	33	Can not open file. Path not found
0x008f3d60	0x379799378fc9110b	10	pdT~ Zomz:
0x008f3d69	0x6b09257b099143a1	9	bQsGNhW}#
0x008f4340	0x1d6b4fcfab4bbdd1	26	Can not init PatchStorage:
0x008f5920	0x877b03f3e51b9545	12	]O-Mdpe*$6F4
0x008f5c30	0x570d25fc7bbfa030	12	K8a@!:QND.o`
0x008f62df	0x03692331e1cfd7b3	9	DDL{RBWVG
0x008f62ee	0x91859997e9dd43b5	11	#DU,AB!4 XJ
0x008f67bc	0x4531574f6535c141	10	<E!;oyW<le
0x008f6a1b	0x2f7321af2b5bcb39	9	:yke_<lQh
0x008f6b7b	0x557111ed53e5edf1	8	(o/jouXt
0x008f6bc0	0x1df713b7bf712fa5	20	Signed 8-bit integer
0x008f6d90	0xf9b987ef7fa51d37	31	Array of signed 64-bit integers
0x008f6db0	0x77336769d76df7d3	33	Array of unsigned 64-bit integers
0x008f6e52	0xc70bc765c7572969	8	,2FoaSLg
0x008f6eb0	0xbbc7f7e9c5a52dd5	64	[Check operation] Container type is response. Responder did not 
0x008f6ef1	0xf53bd7d9d9bb9b85	13	6RO}LPdxeVJlO
0x008f6f60	0xebef31618927c7bb	32	Device property {} not available
0x008f6f75	0x597331c7bbbb6731	11	t1kvaQD}b}o
0x008f7088	0x43275ba9f111091f	23	Can not get storage IDs
0x008f7277	0x6363157597add15b	15	k`yc1s\|hO9z(i{
0x008f75ea	0x37b1379b27c39759	8	!/xNsntd
0x008f7c94	0xa5bd05af21c91915	10	NF(y1cxvN.
0x008f7e90	0x330f9b53b3c77b77	40	Syntax error in parameters or arguments.
0x008f807d	0x3115fdf77b55edc7	9	-TPM>y=FA
0x008f80f0	0x8fff279bff2d2d5b	8	neOM?BZL
0x008f8330	0x6bc99b35fdad5f1f	36	Error during command execution {:s}.
0x008f8380	0x0355071b43471db5	48	File status okay; about to open data connection.
0x008f83d8	0xd16701dbe1158537	27	Can't open data connection.
0x008f86b4	0x6541d79d05278d63	8	llN(:iGS
0x008f8738	0x177fff0511e9b903	25	Bad sequence of commands.
0x008f8861	0x9d0e389e30e41852	15	;2$:}Nnr{rq]YUz
0x008f897a	0x5f6faf05cb870f29	9	e_=s-msAK
0x008f8b11	0x2955735fa50b21fd	12	n;y.=roaW;}l
0x008f8dd0	0x55df694ff9d3bdfb	27	Service ready for new user.
0x008f8f40	0xd759bf59c50d2fa1	19	Error receiving: {}
0x008f9114	0x79c8539a7b2cfc3a	15	&g}vp)lk&g}vp)l
0x008f97d0	0x17a1d1dd7773e52b	16	<li class="app">
0x008f992b	0xffe2606e5a9cf5b6	8	IQ!8ZsYb
0x008f9c60	0x81633bab49bbcf07	63	.pager{display:flex;flex-direction:row;justify-content:center;}
0x008f9c6a	0x91a9a9b35d533f2b	9	b]~m rLvj
0x008f9cc8	0x27a14357f15bed05	42	li.thumb{display:inline-table;padding:5px}
0x008f9cda	0x05ad79a95dcda55b	24	ndqkad1&bdA>tw!#iDI~13=:
0x008f9e08	0x9f9761dff7c19593	63	ul.app-list{display:flex;flex-direction:column;padding-left:0;}
0x008f9e0c	0x3b33f55b0549b369	9	GF$eppC.B
0x008f9e22	0xeba7d18fa9a9cde9	9	xD%IT}OZw
0x008f9e35	0x85993fbd1b0125af	8	$ySp%lmk
0x008fa085	0x0767f9a977831ff9	9	~>pC tluE
0x008fa660	0x398387614545f10b	30	Failed to listen to socket: {}
0x008fa662	0x61e72b331187d3e5	10	lcXR6_/hiw
0x008fa8a9	0xad694779998f3da9	9	Wf_gPpA7}
0x008fa8b8	0xffbd11a3f7cf07b7	24	Authorization: DeviceID 
0x008fabc2	0xcf0d1797db73fb6b	10	VqAoR<nIS{
0x008fbc2a	0x3185c99d030f7967	10	TS,O  PGT 
0x008fbcd4	0xc967a38f61d3b1ed	11	1sBTq&Jq!("
0x008fbea0	0x7369736168706d65	64	+crk2o7N#ctn0N4N#cqi0N4N#cqi0N4N#kqi0N4n#kqi0N4N#{qi0N4.#{qi0N4N
0x008fcc1b	0x6933cf23331777c5	9	aS.fd$Rle
0x008fccf0	0x5b66b580562d875d	11	_FVQ}mN<AX6
0x008fd5d0	0x0197afb35dfd99e1	14	)fx*l"Hd{sx8-q
0x008fe38f	0x00657a69736b6c62	12	exOlTaO9f:J+
0x008fe541	0xab7d755b41a30bf9	11	xS, 9yeLx;,
0x008fe552	0x1bc79d091379d3d1	12	W:xMeAy(W:x=
0x008fe578	0x1f2d97356d7199a7	11	'N)#q/i>hto
0x008fe5b9	0x536bcb5581734b61	11	D3F & ROD)F
0x008fe738	0xc11319a91d213d63	38	  Application Error Code Category : {}
0x008fe8f0	0x7f5b870bfb29e1d9	36	  Startup User Account Option     : 
0x008fe901	0xf96f03f9f393399f	14	qgxq"+o`-abq7+
0x008fe940	0xc5bdf14933b7596d	38	  UserAcc SaveData Journal SizeMax: {}
0x008fea64	0x3ba9476fb7639bcb	11	[okAm_\G?(C
0x008feae8	0x19e1a9df6fc99951	20	?gY,@1fR?gY,@1fR?gT,
0x008feaf7	0x9353c7fbd1b1e99f	9	DcsXP0jr?
0x008fed08	0x7ba90b7755059987	33	    Receivable group config: None
0x008ff27b	0x69295534ae157ad3	8	:m2CCFam
0x008ff5ca	0xd1dfc39b69959f51	16	4_x!sxT[J}{a`#|9
0x008ff6bb	0x3b991b4b45532b61	9	Cej*iJQ[ 
0x008ff870	0xdb4753a72fbfb5f1	24	        Offset: 0x{:08X}
0x00900bd0	0x87df711323d7cf4b	18	Invalid ACI0 magic
0x00900c2c	0x6d659363c3e9d3e9	8	AbS%AL3i
0x00900d40	0xe9df6d91fdb397db	16	Setting TitleIDs
0x00901381	0x57cdf905c7b96979	9	?89XTGQYE
0x009013c8	0x51759bcdf7515199	21	----> Processing NACP
0x00901410	0x07a7cbe9a52f517f	24	icon_AmericanEnglish.dat
0x0090178a	0x25f9b9bbff8bafdd	9	Yip:nG"oW
0x0090186b	0x6d6172676f72502f	10	D0Ni/OtM-V
0x00901c0c	0x81f3914333b59deb	8	gBSNr.9J
0x00901ea3	0x19a705a56f77d361	8	aH9Erh o
0x009020cb	0x07e95dc191255133	9	wU.UJXI+'
0x0090294a	0x31812107b103af57	8	_.AoduEM
0x00903065	0x6b0e959524a13eba	11	)X-g\'fbfY?
0x0090337f	0x31e9213f3bbf0f23	9	hQa,SpFa,
0x009036b4	0x51b3b571d941b7bf	9	a!MQJ]Ic:
0x00903b1a	0x0f21471511ffa1a1	9	pq-U@H0TT
0x00904be2	0xbf4b6f3b0185b5ed	10	v=@wML]y{c
0x00905b6a	0xbdd1f749cdc905d9	11	{yoFl0{A{bM
0x00905dda	0x2b91f767d17b19db	11	jwxF{]]jmp~
0x00906fae	0xf34fe3abc0e059be	10	=Ox?jAg{NM
0x00908624	0xe7a3fd8b03af678d	11	vv@K!qDP=D1
0x00908949	0x2f63f537856f49af	8	cW:=llmy
0x00908b28	0x57a76165afcde187	8	N-"IRLTa
0x00909d8a	0x4439e57d2d484c98	8	^b?fhSiD
0x0090a1d6	0xa3ed97c987477d69	9	 QbjDfw~N
0x0090b864	0x3d9d5939f923112d	10	%#YtpSu)i6
0x0090c9e9	0x8f05d5af3b3b0d49	10	E(RZ#{y.ty
0x0090cf1a	0x00f3c4533558ff12	8	Vf?U(exG
0x0090d2fc	0x519dd97d03c7e301	8	hKqZIYz{
0x0090e204	0xeb752d97d589c199	9	lAm8Q?lDG
0x0090e510	0x3375224f8f1f6983	8	z? bDqdD
0x0090ee0b	0x3727f1f7451d1fc3	8	zw!MGsbl
0x00910346	0xfb431949cdadeda9	8	q.w)XhjZ
0x0091034e	0x656c746974627573	8	[HOm/Tuf
0x00910bad	0x87804b4c31e8dc37	9	Ul{7;MEYR
0x00910e5f	0x2b29dd5323f3b755	9	qt}DXV0hn
0x00911cbd	0xcf54cf8e19f4ca6c	11	Ir<)an8HC v
0x0091229d	0x9775eb2513e3bda5	9	vT!:k>beg
0x00912442	0x6fddc91343fde77b	9	-efl_zVT-
0x00912742	0x8961cd2b812111a3	8	,cb4OftS
0x00913f48	0xd3d3af615f79a729	8	_}tNfBxK
0x00914d52	0xf1cfd93be1b9854f	9	:amY|oqsr
0x009156cf	0xd5fb0927ed51afe5	8	uym:Iy E
0x009169b1	0x6f1935f7cfbf7fa3	14	dc\*SI]{!rCLn%
0x00916b87	0xab7507d7d98d61cd	8	NH,SG+zb
0x00917ff6	0xa9cbb3f5112bfd7b	8	L\f TxFu
0x009186b1	0xcb11c16de39bf5fb	9	x +fC]Tmq
0x009188ae	0xdd45a97bf7f341f1	8	UMW,esf{
0x009188ea	0x7d5985b1f975e7cd	8	;fll:TbR
0x00918bed	0x21cb770b9b39cbe7	9	aJRF*=D/t
0x00919415	0x37ef9313a9970f05	9	P:nEC@E)Q
0x0091946b	0xb9ff7957476563e9	10	A(>zA}6iDl
0x009195fe	0x979dbfb943ddd32b	11	{vne^f"zDEh
0x00919ae3	0xf32e68246864ee78	9	@PJoKhNn%
0x00919dec	0xe3fdbf235fa7c7fd	9	KlYwVe-@C
0x00919f27	0xe1f9abd1e3514d83	8	I%iDea9D
0x00919f33	0xc7355f8d39372de3	12	AS$O4pZMB+I:
0x0091a0c3	0xe163217b7595ff73	10	NkZ?x!l`Cn
0x0091a0c4	0x3bab7b7f558795b3	9	?Z*o8oQJo
0x0091ab0b	0x1315d9112515bd1d	10	9z%9lU.tLc
0x0091bd59	0x03a1578bafb163cf	9	 X;uUvT)u
0x0091c39e	0x87364d67edecaeb4	12	 gYMeYSA,h2p
0x0091c3fe	0xed5f63189673bd0a	8	mUt'Ui/O
0x0091d26b	0x936163cf4557c753	8	v3Dgofp{
0x0091da53	0x2be539f1051f9745	10	deU:ctE"a{
0x0091e355	0x675fb72b57f13527	10	k}PsY#YVUV
0x0091eb4c	0xad33e98db3e331e7	8	P|kr-eLT
0x0091ebd1	0xc92739eb29fb73fd	11	RE{wtqNHSbL
0x009209d0	0x0bb593d1c3a7a55f	9	 anJe/e[u
0x00921e4d	0xb67a5e5cc645b497	10	lE3=L:TUgq
0x00922ac3	0x254b4fbf1dbbc9ed	10	z|hqEX!rO:
0x00922f1e	0xbda98f295db3357b	12	{_[vgyOp\9*w
0x0092317f	0x2dff93197d7f83b9	9	qS%BUJ.q"
0x009234b6	0xfdbf4b6f93df35b1	10	]aFIxo:O~Q
0x00923db6	0xf707c56507f31d3f	8	khV=Mi.H
0x00923ed3	0x9ad89d8b14ec0a9e	15	b&l~JN;W?CH&_jW
0x0092429f	0xe7abe915030b9f6f	10	)ESWs?A0}B
0x00924413	0x13b9b71d97891db9	10	'f~.;BAECu
0x009249d3	0xf9d339b97b4fbd19	8	.eL(JJpP
0x0092553f	0x6d1bf70b01c11b69	8	>IBDUin,
0x00925de3	0xa929775dd703718f	8	og:'ZCie
0x00926b30	0xdd116143639901b5	9	LjkCM/r|U
0x00927709	0x0008dc73343285a9	10	YFrO>->O;o
0x00927880	0x8d37bd6fdf8fcda5	8	y-WtWL$w
0x00927e48	0x00085c7f4acc5ff0	10	6k93dyuiQ!
0x00928077	0xcd89958f77112305	11	t9,jbd\Vw~[
0x00928584	0xaf9f397725a15f0d	9	n&:NEW;SJ
0x009285eb	0x37cff74f5b0d1591	8	RUHZy?T0
0x00928705	0x5f7d6f81a50b3fdd	11	Zv%HP[BNS`5
0x0092904f	0xb32ff1f741df1b29	10	]k|Jl+yem}
0x009291d4	0x8d0f5103d199b973	11	sp[Ik,WO*{g
0x00929350	0x6a63bd81a98ef607	8	W$Eub!uj
0x00929ee5	0x54414658459076eb	12	Ac5b G;<bvo6
0x00929fda	0x29af016ff9cba1c1	8	u HQRC\C
0x0092a5b3	0x0861deca3a8619b4	8	i=Mxh,Qo
0x0092a88e	0xdff3f3018103adfb	10	SFI,\4e*gI
0x0092ab08	0xc753eddd514bc111	10	j,&d1DkH%O
0x0092ab21	0x97a33fc1e79dd3fd	8	/w%xApTL
0x0092b1b8	0x91ef71a539b73569	9	rTayTWDF:
0x0092b25b	0x3bf9858bc7f3af91	8	Aw,l@BGX
0x0092b743	0x893f133e25c2fdc6	8	,BMpY5fo
0x0092ba3b	0x651639daf524a3ad	9	Iwsq(Y)E}
0x0092bf85	0xed59e51baf2df5c5	11	JLU+:FC<pNG
0x0092bfd2	0x2571811187f15535	8	rWh%Dtz"
0x0092c359	0xe597fba94d3d2549	8	jG\F:mmX
0x0092c461	0x00fc03de4ceabdf0	8	#jBYVy-I
0x0092d001	0x875da3d17f773359	10	Z~avx$b&{e
0x0092d167	0x2d2575e4d6da761e	8	s&V{ahuU
0x0092dc0b	0x3118568b111baafb	11	f"A_UAh=%ta
0x0092e155	0xb9fd1fd7e16ba58b	9	AXM>p/hmo
0x0092e5bf	0xa535d94beb17df87	8	jIV2wz.v
0x0092eb24	0xfb9703576daf21ed	8	yB}7jIsX
0x0092f1b9	0xa3610b0b1f05ad95	9	&?tMYZxi`
0x009309ca	0xadc7af5d2fe1c917	9	oHL-yqb+C
0x00931966	0xf5334dcb85a9bdbb	9	O_uDqnw,p
0x00931e97	0x43d3b5832dc1097b	9	/NhKD<*Jo
0x00931f37	0x475903ff3b27499f	9	j-k6zHlJ:
0x009327df	0xc91b99bf3fc1470d	9	.Nar^kJ,a
0x009332df	0xfbf9edaba70d5137	9	f/+Ssjfa?
0x00933546	0x4717f9b3f9b7c51d	8	aGie?4eo
0x00933667	0xb7bd13ddc3979d99	10	K^,gZ{hy+k
0x00935185	0xcb4b4159ad8f1117	8	M2gSO:pD
0x00935316	0xd33659caf91ca889	8	@cTo IjN
0x00935a75	0xc5a38f67e957a9d1	9	%q+omi[tE
0x00935eb9	0x69f3b1991f69fb45	10	:V}aHsIVH4
0x0093614e	0xdf1383bf2fcff70d	8	lQa>!Giy
0x0093647c	0x213d593f1563257d	8	jS(w}SFY
0x00936bd1	0x19a3612de713d1f5	10	$Ylj.Z"zZ+
0x0093724d	0x1fb37ff9cfcfc551	8	~cG,gqEp
0x009376cd	0xb9ddfd91a34b41cd	8	t5LA-pma
0x00937926	0xf3877b1981fd8d61	12	u!^~n5Rq,nD)
0x009385a1	0x575de3fd07e9cf8d	10	Ql-6bBA6de
0x00938712	0x8bdd9d0d3b4fbd8d	9	egRwXyd/r
0x00938f7c	0xd1a781e55be5d7e9	13	NLyexGm:W"iHp
0x009397cf	0x3fe9bb9dfdc1af3b	9	CMjOO.7>W
0x00939eec	0x0fcfb5e7b39f71af	8	Yd-Yi#aB
0x0093a3e2	0x0daab42c905ed4d8	11	nrg%Qf_P$Zw
0x0093aa40	0xf937a187bfa945f3	9	7xk*Uaz-d
0x0093ad74	0x05c7476cf9c37094	10	pJLk}gMj^|
0x0093b0cf	0x59a13bd55573ad05	8	9JDUr:aE
0x0093b654	0x0ff79371b1875981	11	J I~DmND7<a
0x0093b6b5	0x63f513db2b99d54f	10	O.k!IJjV6=
0x0093b86b	0x8df3095bf1e37137	9	jxd/Jz'ZH
0x0093c067	0xff87271b05bdb9cf	10	RK+H"z,dRB
0x0093cc5c	0xcba51177458da9fb	9	B #d}lcLJ
0x0093cd34	0x0d1bdda5336f5767	8	=SgD%jlU
0x0093d4b6	0x2fd5cb79f9ef4bd3	8	ypj2rBB%
0x0093d554	0x41a1f12f555d2224	9	KZwH?j#Ir
0x0093d66c	0xb5f3613549c1c31b	10	GuFAT V^|e
0x0093da4a	0x1f9be9d1e327e143	11	ZTgNl=1Oe,k
0x0093e379	0xa743a18dc56579b1	10	V;I$MKMD`:
0x0093e8a1	0x4377156353ff8f1f	11	KpA)6!)doif
0x0093edcf	0x65edf7df0753f5b7	9	KAU(Fn!"C
0x0093f3f9	0x97750d3f55b54ffb	8	W1yOC}kA
0x0093f88c	0x23d3b5b1d7bd79f7	11	QQZlf#w]?nZ
0x009403f7	0x718b4d6b49ebb7e9	8	ZxsPQDC%
0x009403fb	0x334bafdb956b31fb	9	Cz_uFv-*t
0x009404ba	0x31f8054b5b0a5fbd	9	D:MufY&d(
0x00941372	0xbd49f7f1159bbf25	11	xr,hF:jk1sz
0x00941db2	0xb7e10da58731c753	8	Qxg1biz/
0x00942017	0x2dbf9b575be367e1	12	IN/`XLI@dv((
0x009420c3	0xf5dd33b5375109f9	10	Nhg,)/s@lV
0x00942407	0xa781db3bcdc1719d	8	wh:JPp=Z
0x00942cbb	0xdd9bbdadbff7338b	9	OEz2cnXy}
0x00943200	0x977179e17fffbf99	10	E(q.WJLQ, 
0x009434f3	0x27d1e363737fbba9	8	VR.Dz\gq
0x00943549	0x1993ab1bd3bfd10d	9	s+g}ocZ-X
0x009440a1	0xa9b185bb1bb159d9	11	T^}?|dJba/q
0x00944149	0xb5e829c90979a2b5	8	{wwJ6hug
0x009441ee	0x032183051b5d8f03	8	}flECjh4
0x009449b6	0xf732edef5ba37f6c	8	zdYXU@Y:
0x00945291	0xcbe751ed33c1b36d	8	gQ/T2BjG
0x0094555a	0xfffb39db0fd7b389	12	Xrd;* G z7=c
0x009458b5	0x4fb214963014746a	9	yHR-{IH(p
0x00945c23	0x2995a31f6fd5f551	9	vrxU7}:BU
0x00945d4b	0x00ff747765616bff	8	:C?WXtow
0x0094636a	0x050dc71777333939	8	Frfue3E{
0x00946618	0xc54f8fef6967bbd7	8	z*gule-z
0x00946888	0xc5e52b911d8f6d79	8	S8Yz?leM
0x00946b40	0xbb0bbda38df35555	8	HI-Y~wuo
0x00946bf9	0x0769d117896b1df7	8	sy>n{ZiY
0x00947440	0xc72597579f5fb301	9	v!sza[jD1
0x00949dbe	0x99948cc09630de74	11	NO{oR&s#IEv
0x0094a35a	0x85f7d7cb2f0d9f1d	10	D)J[<ma%QW
0x0094b29d	0xd5983636580e22c0	9	Hsr?Obhfk
0x0094b5ee	0x16185a7589928e3a	9	+~lSlN,Ej
0x0094bdd6	0x31fb35d54569d1c9	8	cxM:8Whl
0x0094bffa	0x1b978d6159dbd7a2	8	GxFfI,r(
0x0094c14f	0x41eb17250fc125cd	9	?>NHA(Oha
0x0094c1fc	0xefa5cb677921cdff	9	K5?]Rlcly
0x0094c8f7	0x0981639fa9d98b99	8	AxJAz=,a
0x0094cc5b	0x19fd45559bf1a537	8	vvyv/M1o
0x0094d854	0xc145ad0fffdd61ff	9	Ke_c+:NKd
0x0094da8c	0x69e34ff14d4997c7	8	=hrCA/jc
0x0094dc4d	0x7f6a18c88681c8c6	9	W3zl^Q,Tg
0x0094dfd5	0x1fafd3c9b14149fb	8	sAJ!LcE1
0x0094e4a3	0xdfb23b0979b4b02f	9	:x/DQiIIe
0x0094eade	0x4baf4f0df70ddb95	9	l%i&znOY>
0x0095022e	0xeb4def871f374781	10	MI6\T{g@Wv
0x00950aa1	0x1973d91341751bd9	8	M}UPrJ"a
0x00950cbd	0x73a3d92ff5d7e199	8	odJ&ma.Y
0x00950fe5	0x998f0d11e3e31963	8	inH-J4Kq
0x00951436	0x5b0d6997f3715951	11	JLhxbp.?V]X
0x00951770	0xabf3118f3755e7f9	9	Y!=SUAKb}
0x00951870	0x0dcabc402aab3ccd	8	,yLRT\IO
0x00951aaa	0xdf15c787eb8bd18f	10	CX+0%Rbc(K
0x00952de4	0x576b988977b880df	8	C?g1gKJR
0x009531f1	0xcdf55711f1e7bf03	8	tEa@J-LP
0x00954333	0x9561ab0b5fd55935	11	pb)9Q,C*y=R
0x0095488e	0xe7a7c5195b03af49	8	A:cix@Lc
0x00954bfe	0x01ad057f6b2f8585	9	tVw(v-yXo
0x00955258	0x4ffb973785dfd3a7	8	nvtJG}]N
0x009552d4	0x7ded63d99f3bd1a1	8	NrALTxi 
0x009557e3	0x5f5f0b7bd57f85db	9	OYgjim._!
0x009568d7	0x29ddc90907ff37c1	9	+x!fJ9qhy
0x00957ff5	0x095f4f474109a9f3	9	L0ppO-~gl
0x00957ff5	0x21eb5da5d1ed25dd	10	bg 8*$qsjd
0x0095821d	0x198cb64d49075af3	12	58g\^bmqy.XY
0x009583f1	0x3b7809ffc2adcd77	8	G,'pKWzn
0x009586b5	0x054fc989b9516b97	13	)~j.R]7NYJ-<M
0x00958dcc	0x5571493119c17beb	11	B`bsW8X%RMT
0x00959252	0x0b89697d4539e1a7	12	3RH~gsE{R2mM
0x0095a02c	0xb1e5c755cbebf7cf	10	LK:$bRy)hP
0x0095a2c4	0x697461746f6e6e61	10	4maN:1wUrX
0x0095a6e1	0xed17a5498301cdef	9	<qn:Me&xZ
0x0095a76a	0x297fa74b699f5755	8	cN9%UCDi
0x0095a9b1	0x79638581f70f1be5	8	xrrY:b=U
0x0095b4a8	0x373ab6d397b86d11	10	xvXb?gs}Jg
0x0095c940	0xc561b1ebefdfafdd	8	%jta1oem
0x0095cc63	0x035b3935cf6539e1	8	,DflDNXR
0x0095cf9c	0xf9a947ff85ef9dbf	10	U@eSE!i:V6
0x0095d301	0x5fad01f1dd7999b5	9	Z*g!bOZ!N
0x0095d5d4	0x3317eb2f59dd991b	9	#qS,tefgg
0x0095da9f	0x69f9e16b4b173501	9	IMc?X.HB,
0x0095ddf9	0x65a2c63c90c0c824	8	!M^ofYRk
0x0095e042	0x9f09e9553593b7df	8	gihU,iH3
0x0095e386	0x4f0b8be5ffd565b9	10	fa$mx:*$Hn
0x0095e8e0	0x9d68be5bcbeb12e2	9	 JUAab<nm
0x0095ebca	0x953dd3a1b585d35d	8	?Mmh6kiq
0x0095ec25	0xb1b93f7d55bdd511	8	JGH|tBC-
0x0095f87a	0x008596031442d32a	8	sX:dFY:k
0x00960680	0x39696fc975bd5799	11	%}Nz*Bgu8F<
0x00960df8	0x1fbbbb9dbfb57931	10	NYKkH-6kcj
0x009611d3	0xdf7973a1a17f15d5	9	OfXZy<:8X
0x009614db	0xf75909639dafd7a9	14	-*ZwA@F+Jk<(5R
0x00961964	0xbb5b848ad5ad12c1	8	C{YYzt Z
0x00962fa3	0xabc5011ff95d8185	14	Th%7JRK/b!%1Q]
0x00963815	0x914d51ebe1178961	9	U>NOUq#P%
0x009639d3	0x1706ad090d39445d	8	bK(KkNh-
0x00963d2e	0xa19d034fcde311c5	9	aWrh!jV}\
0x0096408c	0x11313d3f8f5d1d51	9	u/{tdvXCr
0x00964140	0x73719b5f1d1109ed	10	tP9hhFX?M}
0x0096452b	0x8fa3a701afeb25c9	8	%d-sNMlL
0x00964532	0x8d5ba76fa9392de5	9	b',xkKQT-
0x009648ae	0x6d75626c41203a38	8	eUvw,rh%
0x009659e3	0x57792038aeea3472	8	LvZo3K%n
0x00965ee0	0x1745bd8dd789a721	8	iPVk!FYA
0x00965f53	0xa3c8f26a64105a90	10	pefSydV-fa
0x009663a5	0x094745296bc9d39f	10	siF4LX?lAF
0x009679f6	0x2d73776f646e6977	8	Ya#JE/Fz
0x00967cd0	0x7f3bff772b97c525	8	CjJJ%Vss
0x00967e19	0x25fdadf1e1cfb5c7	13	T3+(zB}tg?XA]
0x00968710	0x4507e507712bbde7	10	?)l\kECIUJ
0x009689a9	0x518119795fe1138b	8	fpjxL-CY
0x00968b4e	0x310b9153992f0be9	10	[X.AU_b\zm
0x00969422	0xa3df75172da5f57b	9	<K^vI-ldd
0x009694f7	0x5977f5992bc39793	9	CszZf|n@:
0x00969565	0xaf4fdfa90fddafa1	10	!pE(sPN++W
0x00969838	0x7f1351699bbd5335	9	OUfi?4ao3
0x009698a3	0xe1f7d79b0b85b399	9	r&sVqhEb.
0x0096aa34	0xdf29df554d5d11c3	8	yVeFRT:z
0x0096b10a	0x57c6f4c6383a7284	8	UghvWA}r
0x0096b3fa	0x9d9b0f4ffb39e981	8	wODX)VT%
0x0096b7ba	0x6719f36016719f37	9	)DaW,3FDr
0x0096ba0c	0xcdefdf2befb545c5	9	gC,,iHvLZ
0x0096c0eb	0x6b41379fcf252f5d	11	-T,.@BnDKpv
0x0096cd89	0x2d9579b3e3712df9	8	y!7aATCc
0x0096cd8a	0xddd7e7290f25593b	11	F#nm|4-!oKC
0x0096cfcb	0x8565f10b5fcd972b	11	c0b8&XC!ioi
0x0096d1f2	0xc30b57eb893b09b9	11	 fX&B]^G xX
0x0096d349	0x5327ff51cd79d319	8	hCX LT5R
0x0096dc97	0x0383ffbba9017d91	9	jh,'&BPfe
0x0096dded	0xb934f68af53e59de	9	3[GU{yNSE
0x0096ea4e	0xdd9db5077be51779	10	fyjRm$s}OA
0x0096f748	0xedbf0d572d3bf945	8	Rds:2phl
0x0096f81c	0x9b49c1cb8bc55703	8	RG%qTWik
0x0096faf4	0x002c6e6564646968	9	S1eG-FoY8
0x00970087	0x7d59f3cb9d0331a9	8	SYzUo{pu
0x00970cc1	0x9571e7776bc33989	8	ZEO}Y4SB
0x00970fc8	0xb595d58fb7f36599	8	JGQ{V~el
0x009711f1	0x6929cdef03bb91e1	10	W?.XFD.Ape
0x009714a2	0x13c30ffd574ba569	13	%V]+%Gr,{WFK.
0x00972520	0x35455b1b0f11dd79	8	KNZOK1y}
0x00972647	0x17e9e5e7f7d7b945	9	Y<QS*%BYW
0x009726ba	0x00034cd79be23716	8	hK*,gyRt
0x00972acf	0x157b63250ddd8515	9	grI,}VAiN
0x00973ac0	0xf985618c7153b52a	10	m~3fx/a8pA
0x00973d41	0x6df37f675ef6eae0	9	Tz *?epXh
0x0097459a	0xdd5f61f7958339d1	13	}4f:&f!irV6^z
0x00974fcc	0x4f05f913fd03c13b	9	yer,pA)$J
0x0097603b	0xc96a6971337d4dce	9	vjgPQ1wI/
0x00976b83	0xf93b852767cf536b	9	56tBx.tqc
0x0097728f	0x19ddd5e373d51fd7	9	wR4A.YquH
0x00977ed2	0xd00389547ef21d0f	9	:T"lYp8XU
0x009783d9	0x4f45e1d1d1dbf03a	8	!Y/ruGof
0x00978cf5	0xbbcf7f092b9d27e7	9	ww-2NiaGX
0x009792bd	0xc367335909bdbb4b	9	yI!Y@wz{L
0x00979737	0xd72d950f859d3db5	8	Jy g'JwO
0x0097aabb	0x00185a5aafc4712d	9	bbiuuLJ?M
0x0097acfa	0x232b9f15270b3d4b	10	d.ZqoCb5PC
0x0097c47f	0xdf35319343f97187	8	.xEZrhrp
0x0097ce1c	0x5d679151934d3fff	10	LOqN;1v/|g
0x0097d4cb	0x41d7756ba3c70919	9	,lM/QhMrx
0x0097da10	0x215fbf1fcb43878f	8	vbqLtz0/
0x0097dba9	0x37dff3c7052313af	8	cjRAY{-m
0x0097dd9a	0x7d695675c80588d5	11	Lpcz?=)8Pln
0x0097ddab	0xb913f7dd65f90de7	8	Aiyd%QG[
0x0097e61f	0x6bedc785a1a9bb8f	8	 vFIMLa=
0x0097e8e9	0x7363f547d99d6549	9	L&vi idn$
0x0097efc8	0x87713fbf6f7507c5	10	C20:Oqf%Zo
0x009806e1	0x45439d6d390387c1	9	IPT%cmD&i
0x00981a96	0x5f639d6ba1d56fd7	8	p]tkXB!y
0x00981b3a	0xd9a73b09df2d7bd9	8	`KOo%Ewy
0x00981de7	0x29456b557951478b	9	Th$0:TlPo
0x00982c8a	0x001849376cd33c77	8	r,I$RbiN
0x00982ed5	0x19716db5bdcdb597	9	vi3>XLf,k
0x00983419	0x67eff1d5f50f77d5	9	nM}bj'fwo
0x00983f88	0x11137b4145a75531	13	&4n)=jg(+A/Uf
0x0098404e	0x31f751d939a15fc5	9	.r[jRtjH!
0x00984313	0xbf237f8f7f4531cd	10	Y:T-u1UW\q
0x00984a47	0x517fa5157d77899b	11	+WAa<X+%o}D
0x00985a7e	0x1dbbdb0b45031565	8	$}hyrgfB
0x00985e19	0x43e1d9a987870925	10	^Nq|$pD}Lp
0x009862eb	0xd367293727754bdf	9	jqFuvdC b
0x009868ce	0xa7bb598df7a16171	10	nMWY;M3{tn
0x00986a5a	0xd90f9717cbf93ddb	9	U*IZ-6VaX
0x00988721	0xd4bfb52fed4bfb53	9	su2eRD7k!
0x009892d4	0xf56c70b50083af39	9	[bxQ%L3ne
0x009893de	0x632dcbc71197a53b	11	Lx\!6rEY"P.
0x0098a7b7	0x798f452f2d897783	12	5`odZfF[ dB5
0x0098b3c2	0xe5af15539f7bbf67	11	(RWP,,9'GXl
0x0098bbae	0x6be14d2d5f8947a7	8	Th w"AXK
0x0098c038	0x1fffb1697fdb496f	10	d}P'>utsm=
0x0098c9b6	0xc70535710d1db1fb	9	z" rAGNEA
0x0098e0b3	0x2fe26eeba82234d3	10	%T[cC(Vr4i
0x0098e33e	0x072b851375a97515	9	h(Ua{3THX
0x0098ea45	0x139f6bd72b83559d	8	xcMgb+,Q
0x0098fd17	0xf155578b05fbd3a5	9	KZUX4Rq}n
0x0098ff3c	0xb131dfa39785119b	10	D@K_G2RI.x
0x00990b12	0x6111c9e5676b8b63	8	0RbmiFT,
0x00991ce8	0x0b31173123a5e14d	10	AF%xg3{e^J
0x00992777	0x173bd7d997ff81bb	8	xCt*wX J
0x0099299d	0x05d1d3fda3210bb1	10	uJ<_%VX#hM
0x00992c94	0x49b763e7298b2709	10	aE]tOj.+j"
0x0099350d	0x47d54fc50415ff3d	9	i$Zmo/uZ5
0x00993ade	0x1bcb07e5f1e1d733	8	N?Gw%uKp
0x00993d3a	0x8db1196787373b67	12	s14n,b--wL\c
0x00993d8e	0x1325f743a91b51a1	10	s6t:cWkN3h
0x009942d9	0xb5235d29a90b1715	8	vrfIG:=g
0x0099489a	0x19a3e1a77757e5f5	10	%d%RT1!IXM
0x00995d44	0xa3a21a870ea8cebb	9	$:?ZoeolO
0x0099621d	0x2b6b5969f92b9f1f	11	>?eNR"me>?e
0x00996736	0xc5506cdf69e54b5e	19	yi)j^9V.yi)j^9V.yi+
0x009969cf	0x3353af954f9717dd	9	ifIZ?ZK'^
0x0099a00b	0x4d6b77a55f234f1f	11	<xD`%8MQ<XD
0x0099a019	0x09738fe351d9018b	21	Q[lq\@NQQSly\ NIQKla\
0x0099a01f	0x8f63bf9179cd3ffb	15	_)foH8L _IfwHXL
0x0099a063	0xef9989594b934981	21	@JRR,.L|@BRP,&L\@zR^,
0x0099a06c	0x6d659b890311a179	12	ZPl@&S%cbPT@
0x0099a06e	0x4b594d5ba7572bb9	8	8E%MSbrI
0x0099a7f9	0x29e2ac38f65e9078	13	s.U53AzNs"Ue3
0x0099a86f	0xc5a17f5f4711f731	21	g:w[A+/yg:w[A+/yg:w[A
0x0099acec	0xbdabbdf463c0c3b5	10	 ztn4m"m@z
0x0099afb5	0xabb53bbffd21a361	11	7noPa}R*7no
0x0099b2a9	0xb555e7e78b61756f	23	!-Ok0nU+!-Ok0nU+!-Ok0nU
0x0099b3d3	0xffed41e5a1f101ed	31	way37Ew`wiy;7Mw@wqy#7Uw wyy+7]w
0x009b9cda	0x97b98b2deb5bfbf5	9	Po{mma"=h
0x009b9d3c	0xa1bb2365ff11cf09	11	`*w6/tgP[hw
0x009ba503	0xbfa389dbc7b75133	8	&/mcRapg
0x009ba8a9	0x032df1eb717b6feb	13	]Qo[}"aU]Qo[}
0x009bbac1	0xdf0375af03b1c5a3	10	~{F1aV~hWH
0x009bbbf0	0x790161bb3133d3ff	8	?CvvdFiS
0x009bd70c	0x331741130d5163db	10	{MVhn#.f{m
0x009bd953	0x075981af83f98127	15	NK~@]I.<NM~PoH.
0x009bd9e2	0x651d05b58d1593d9	22	grhlm( +`rxl}(0+arHlM(
0x009bda10	0x3b2bc53b3781a591	18	@-LnC.Cgh-pnW.]gH%
0x009bda16	0x37c937cb4bd7cdc1	8	xn-iUn$n
0x009be22c	0xe39b1b791bcd6d29	12	xk.c cr|Hk.c
0x009be2be	0x2ff5974b331dcd97	64	?npfH/7\=ntfH/3\=nrfH/5\=nvfH/1\=nqfH/6\=nufH/2\=nsfH/4\=nwfH/0\
0x009bf4fc	0xbd45add9775321ad	11	$JH7n/`:RJR
0x009bf9fe	0x75e577e73b43ddd3	9	rN_Z.~NBj
0x009bfb61	0x9dd9871933e3e715	10	PG>Gig/S-f
0x009c0284	0xe59fef494b4dbfa1	11	|,N)%k;TJin
0x009c0787	0x275dffdf5fe30655	8	kj`yy!il
0x009c0806	0x1de7edf983178bd5	8	/NbLozdc
0x009c2746	0x994b1fcdb10f03e5	14	/`pXn>NL/`dXn>
0x009c2793	0xc3e1bb03a533212d	13	iGF-`ApxiKF-`
0x009c323c	0x831353dd0555b50f	8	oAD}zky7
0x009c3429	0x95422a55fbadf05e	9	2,UCAg[Oh
0x009c3e67	0xeb691d2e784fbff5	10	fM?}bg<CeH
0x009c54d6	0xef2baff92d21a11b	8	?jD;WVGU  kept 992 rows

0x009c552d	0x11655bb3ad3dc9a9	10	6a9XJL}bwJ
0x009c750e	0xe9096d3781dd5b9f	10	?k Fnkcr?k
0x009c865b	0x8bad31138df5832b	9	e0Wlb:uqe
0x009c8e2d	0x0f1bb3357d132d03	11	fib0(vc-fib
0x009c9320	0xadc91f67fb459713	10	b/*WJ>EOb/
0x009cabaa	0xa3559bf3c9a9055b	14	k(!d~s)tk(Te~s
0x009cd2b8	0x69e7c3df9353fb03	8	W_PRxX!K
0x009cdf0b	0x1d93cbdce546396e	9	e3d4JvTa}
0x009ce6a1	0xd53bf1dd677fe15f	8	XBlFuIA/
0x009ce8d5	0x5171a3b795820940	9	c|oNt{gM 
0x009cef75	0x0073ae03af12d3ea	11	<DK_d3}F9Lk
0x009d0b7b	0xb111821714abea2f	11	n~ue.b&Q^:u
0x009d1324	0x8ff52fad4397a5fb	13	~Lmhe^gC[-/hM
0x009d2940	0x73bd1d3b3b99bba1	11	\WNgFQ%NPwI
0x009d2d77	0x49119beb711b0153	9	OhC%}R:LJ
0x009d2d9d	0x513ba9c98b85910b	10	AK,R%<G(aM
0x009d2e5c	0xe9a141ab0d0d3361	11	ZF`ht#:t1f(
0x009d3200	0x03c1e99dadf36d5b	10	Kk]n{tb`Hk
0x009d3ba9	0x77f92d0b998149c1	12	eVE^aFy%eVE>
0x009d775d	0x4bd12f5955f57de5	9	JK/L%Xhi/
0x009d8f25	0xcbaf599d756369db	12	B4lm0,Wfb4l,
0x009d9e87	0x8db10dd9fb19b58b	9	1iV_m-JLc
0x009dd528	0xf3b39f57bdcd05b3	9	C FjP7gKV
0x009dd694	0xa77be475917137e0	16	P/8I-DOGp'8ILDOG
0x009de9c7	0xc54b5723f1bb3307	9	jfgafO/.O
0x009df0d4	0x5bc35197a77db3ab	10	uccG> x+uV
0x009e28dd	0x29a39569e7e59b9b	8	sS/OH,tk
0x009e8262	0x9991378f0197c37b	11	oxVO?n73O_&
0x009eec95	0x93c3016b6325c38f	12	^K!lz5~a,X)s
0x009fa2c1	0x13b1cd49b5f30393	9	r}^K$Hhbo
0x009fe980	0x4ec4ec4ec4ec4ec5	10	.:HMzHL+e)
0x00a12269	0x37b90783273fffeb	64	iF|No/\flB|Nc-\fo@|Ng-\fl@|Nk-\fl>|No-\fm>|Nc+\fb@|Nh+\fc@|Nk+\f
0x00a17869	0xbbbdade1fb8be303	8	 |coqMkg
0x00a17f38	0x8d8bb1ba3dc00de4	10	^HP=nXe ^H
0x00a17f3d	0x6dbd5748d1c6649f	20	=L=hL/9s=M=hL?9s=I=h
0x00a199c2	0x1bc7b3ad2b27f90d	8	xBLemv?r
0x00a215a1	0x9df50bedb7e1db17	10	.ojgoaiU&`
0x00a2b85c	0xada5a90d81cf2927	9	g}W?kT-mF
0x00a2ec5b	0x9b23bfb593791fef	15	vo<a3.D@zo<!#.D
0x00a32e98	0x03d3194daf01a1fd	10	xP IpFe@[+
0x00a398b5	0x256b17cd2fa96d31	8	taQ~n.mO
0x00a41a49	0xadefe77b850579c9	9	D98o.vhga
0x00a4931f	0x4301f551e33799a1	14	PmYo(KKHRkC\)}
0x00a51259	0x8d3f6d93f7194f21	8	mjs?Rk~L
0x00a51a34	0x00e47114690a13d9	8	  RXutoC
0x00a571bd	0xbba1b71b89d97d91	10	H?+DPNP7y=
0x00a5725b	0x0d59f3b9b501fd93	10	I9mK}-k`Ak
0x00a58631	0x3583d1b5adf33b97	8	/g~OUipi
0x00a5b5b8	0x3846545550544d53	9	B2QZdQ5}Q
0x00a5b614	0xbb173f67b7038b95	8	XY(HNWP?
0x00a5e495	0x4f8d2f81233f73d1	8	hn~x}XlW
0x00a5f606	0xa193999deb33e141	16	!pF<: :U!TF<: ZU
0x00a6844a	0x15a52b2fcd95533f	11	bj,n^e.@vjL
0x00a685d4	0x7b87fac2db9a74e3	10	|SdrU:>MOF
0x00a72ba2	0x77175ba3379579bf	8	TC.ltk&X
0x00a7a70d	0x9d28874a74b0122b	8	@V,utGkH
0x00a7b6d1	0xe7ff29dbefa183b5	20	cXUW:ywzcXUO:y}zcXU+
0x00a7f459	0x033ba7a555d9658b	8	q!ih-Ogu
0x00a86197	0x738da9ffd591cd05	8	xFoN}QN/
0x00a8a36e	0x45d54b21c7378b9f	10	?qfYCvQ0#m
0x00a97dd5	0xebe14df77589b99b	13	 xceZ0<4 xieZ
0x00a97dda	0x954111e19577ab4d	8	0FzxT%Lz
0x00a9930b	0x83ad7f091769a74d	10	jF3W{^mpjG
0x00a9ad82	0xabadbbeb4d9da98f	8	f+kb}wMC
0x00aa35db	0x15cf7d67d96f1933	11	u%T j?=J'bc
0x00aa424b	0x6775636799b17977	11	WQxIB7eLWQ{
0x00aa5276	0x1bbf15893799719b	10	[=mWGtoJ <
0x00aa83b1	0x815dbf7b17d7e31b	10	8G-8FkL)Kg
0x00aa8d16	0x4b8521cc422c7f0c	11	pbb&Q0t `K_
0x00aaa654	0x918bfb316fc50541	8	jH%srWj#
0x00aad0cf	0x3b66da385658a0ca	13	FtVYytD4r9\,2
0x00ab0464	0xad45bbe3a1499d25	14	y*Op'L 5#*Op'L
0x00ac5c39	0x59f737ab559dab69	10	 hCU=rNE5]
0x00ac6640	0xd3bbcbdd4f1bffab	9	nPK-Oywz~
0x00ac84a1	0xffb76bb1eb4db59b	10	(cH.Q^GuH{
0x00ac9b7a	0x2577ad937d3753cd	8	njwJ3m/n
0x00ace6ff	0xafa703f5fff3cd7b	12	ok3`Pk]_oN#/
0x00ad40e0	0x41fbfd3f2baffbeb	13	xdKeF~%_n__ev
0x00ad6165	0xed2b3763ed554f59	8	O;U,mneo
